"n","k","B","seed","ghat.NI.1","ghat.NI.2","ghat.NI.3","ghat.CI.1","ghat.CI.2","ghat.CI.3","stde.NI.1","stde.NI.2","stde.NI.3","stde.CI.1","stde.CI.2","stde.CI.3","bste.NI.1","bste.NI.2","bste.NI.3","bste.CI.1","bste.CI.2","bste.CI.3"
800,2,80,1,2.11634525205504,1.11241516451027,-1.19652175258894,1.87060362233864,2.02436281036909,-2.3358067710851,0.0552730508601892,0.076815700093842,0.0778793476288153,0.0666363242653185,0.145007856542917,0.169393388573567,0.055334207328634,0.0770610607766169,0.0780730140513379,0.0667855482752409,0.145630090061746,0.170713991459981
800,6,80,1,2.11634525205504,1.11241516451027,-1.19652175258894,2.02044125881084,1.39745564800881,-1.64631276043119,0.0552730508601892,0.076815700093842,0.0778793476288153,0.0584684860501081,0.0984594486844161,0.114481724087944,0.055334207328634,0.0770610607766169,0.0780730140513379,0.0585579078821327,0.0988017878485238,0.115039387220391
800,10,80,1,2.11634525205504,1.11241516451027,-1.19652175258894,2.0172950382053,1.54006254244354,-1.5936232765198,0.0552730508601892,0.076815700093842,0.0778793476288153,0.0588504088395304,0.109565073289367,0.107574857684371,0.055334207328634,0.0770610607766169,0.0780730140513379,0.058948802798425,0.110005308090071,0.108030075948733
800,14,80,1,2.11634525205504,1.11241516451027,-1.19652175258894,2.00828104601986,1.56311818079419,-1.64474727106123,0.0552730508601892,0.076815700093842,0.0778793476288153,0.0589834805760996,0.118357459534572,0.116935252669346,0.055334207328634,0.0770610607766169,0.0780730140513379,0.0590952995200353,0.118912023504234,0.117550166168808
800,18,80,1,2.11634525205504,1.11241516451027,-1.19652175258894,1.98134962063375,1.60165925422121,-1.79472667214604,0.0552730508601892,0.076815700093842,0.0778793476288153,0.0597610148271477,0.111269911720982,0.121438595050828,0.055334207328634,0.0770610607766169,0.0780730140513379,0.0598661852042894,0.11171097822078,0.122115113343554
