"n","k","B","seed","ghat.NI.1","ghat.NI.2","ghat.NI.3","ghat.CI.1","ghat.CI.2","ghat.CI.3","stde.NI.1","stde.NI.2","stde.NI.3","stde.CI.1","stde.CI.2","stde.CI.3","bste.NI.1","bste.NI.2","bste.NI.3","bste.CI.1","bste.CI.2","bste.CI.3"
800,2,80,1000001,1.99991036020262,1.28939941107348,-1.1974541353994,1.9531131166361,1.3876922857597,-2.70549026993609,0.0590378910570631,0.0733449497393965,0.10638195027164,0.135736381501882,0.19268029110734,0.427227296794861,0.0591484347348045,0.0736775847845969,0.106951782403825,0.138646803951459,0.193463226594293,0.459958869548887
800,6,80,1000001,1.99991036020262,1.28939941107348,-1.1974541353994,1.90755404275209,1.55615414862261,-1.7590372376905,0.0590378910570631,0.0733449497393965,0.10638195027164,0.0543965214694327,0.0915300491140639,0.150008353481247,0.0591484347348045,0.0736775847845969,0.106951782403825,0.0544643901785987,0.0920483118620988,0.15117161055602
800,10,80,1000001,1.99991036020262,1.28939941107348,-1.1974541353994,1.91244563789115,1.61887247306422,-1.61215175444295,0.0590378910570631,0.0733449497393965,0.10638195027164,0.0532866969389598,0.0939410682169724,0.136898179615986,0.0591484347348045,0.0736775847845969,0.106951782403825,0.0533539181393461,0.0949259124480595,0.137835731979565
800,14,80,1000001,1.99991036020262,1.28939941107348,-1.1974541353994,1.91945663405679,1.61688113598725,-1.54274923743165,0.0590378910570631,0.0733449497393965,0.10638195027164,0.0528971024291196,0.0938166773131745,0.133937303618715,0.0591484347348045,0.0736775847845969,0.106951782403825,0.0529619884899459,0.0949738216891586,0.134836231968827
800,18,80,1000001,1.99991036020262,1.28939941107348,-1.1974541353994,1.92202536256311,1.71384609135062,-1.42187612721132,0.0590378910570631,0.0733449497393965,0.10638195027164,0.0526062124068966,0.100206486662752,0.123880777647201,0.0591484347348045,0.0736775847845969,0.106951782403825,0.0526604438781896,0.102979096662654,0.124582956577005
