"n","k","B","seed","ghat.NI.1","ghat.NI.2","ghat.NI.3","ghat.CI.1","ghat.CI.2","ghat.CI.3","stde.NI.1","stde.NI.2","stde.NI.3","stde.CI.1","stde.CI.2","stde.CI.3","bste.NI.1","bste.NI.2","bste.NI.3","bste.CI.1","bste.CI.2","bste.CI.3"
800,2,80,2000001,2.19457421048763,1.08215365866731,-1.02352870031241,2.12674019677483,1.22941952459209,-1.42621843318902,0.054334782606097,0.0825641036084663,0.0761732580109871,0.0625623641780173,0.12270913960019,0.129713532918592,0.0544131247944151,0.0828136945751637,0.0764443622975469,0.0627284428286613,0.12323751137607,0.131590369616967
800,6,80,2000001,2.19457421048763,1.08215365866731,-1.02352870031241,2.1173394727789,1.78763518773762,-1.1380402084593,0.054334782606097,0.0825641036084663,0.0761732580109871,0.0714266410176891,0.172967159139303,0.125327428951838,0.0544131247944151,0.0828136945751637,0.0764443622975469,0.0716724556285751,0.174461783388784,0.126088574094974
800,10,80,2000001,2.19457421048763,1.08215365866731,-1.02352870031241,2.09374414289385,1.9238509063161,-1.21454218909561,0.054334782606097,0.0825641036084663,0.0761732580109871,0.069307492543342,0.169303787782619,0.116317151446209,0.0544131247944151,0.0828136945751637,0.0764443622975469,0.0695181355603269,0.170658760132693,0.116878524815884
800,14,80,2000001,2.19457421048763,1.08215365866731,-1.02352870031241,2.09160714113511,1.63334232384358,-1.43133431053111,0.054334782606097,0.0825641036084663,0.0761732580109871,0.0659770255195417,0.143424858665831,0.127867985471487,0.0544131247944151,0.0828136945751637,0.0764443622975469,0.066178453454585,0.14419676953743,0.128870271577481
800,18,80,2000001,2.19457421048763,1.08215365866731,-1.02352870031241,2.108110742983,1.7867566816301,-1.211685020495,0.054334782606097,0.0825641036084663,0.0761732580109871,0.0688179816218194,0.16065245634837,0.118657908989773,0.0544131247944151,0.0828136945751637,0.0764443622975469,0.0690363046661721,0.161800123521307,0.119290877122923
