"n","k","B","seed","ghat.NI.1","ghat.NI.2","ghat.NI.3","ghat.CI.1","ghat.CI.2","ghat.CI.3","stde.NI.1","stde.NI.2","stde.NI.3","stde.CI.1","stde.CI.2","stde.CI.3","bste.NI.1","bste.NI.2","bste.NI.3","bste.CI.1","bste.CI.2","bste.CI.3"
800,2,80,3000001,2.1512375739751,1.21705148322202,-1.20948016579514,1.75540798066772,3.14362209040007,-2.60290797130093,0.050510487683957,0.109963399019653,0.0944176003510415,0.135303578196992,0.433430916083107,0.39462260565118,0.0505518655041181,0.111951467020278,0.0954700960787893,0.139454448844188,0.448964463764254,0.410812547577591
800,6,80,3000001,2.1512375739751,1.21705148322202,-1.20948016579514,2.05226520336952,1.64992636782144,-1.72901324152097,0.050510487683957,0.109963399019653,0.0944176003510415,0.0578999012352723,0.168467792195924,0.153747299582467,0.0505518655041181,0.111951467020278,0.0954700960787893,0.0581538193499137,0.17582737162681,0.156102005058964
800,10,80,3000001,2.1512375739751,1.21705148322202,-1.20948016579514,2.00021552563118,2.0071635354929,-1.68586174556435,0.050510487683957,0.109963399019653,0.0944176003510415,0.061110164214674,0.199855355665827,0.152705225377491,0.0505518655041181,0.111951467020278,0.0954700960787893,0.0615091905782311,0.205677350008699,0.157661786306966
800,14,80,3000001,2.1512375739751,1.21705148322202,-1.20948016579514,2.06349515536828,1.6223815828207,-1.66572214886215,0.050510487683957,0.109963399019653,0.0944176003510415,0.0582585711197279,0.180062683804876,0.161317512089547,0.0505518655041181,0.111951467020278,0.0954700960787893,0.0585349120550071,0.190044514080388,0.163778248157961
800,18,80,3000001,2.1512375739751,1.21705148322202,-1.20948016579514,2.0064185968963,1.93034670948077,-1.83369773737616,0.050510487683957,0.109963399019653,0.0944176003510415,0.0623279657683776,0.188782741339367,0.170290632820598,0.0505518655041181,0.111951467020278,0.0954700960787893,0.0628764205458215,0.198106864831726,0.174247047935399
