"n","k","B","seed","ghat.NI.1","ghat.NI.2","ghat.NI.3","ghat.CI.1","ghat.CI.2","ghat.CI.3","stde.NI.1","stde.NI.2","stde.NI.3","stde.CI.1","stde.CI.2","stde.CI.3","bste.NI.1","bste.NI.2","bste.NI.3","bste.CI.1","bste.CI.2","bste.CI.3"
800,2,80,4000001,2.12932849533886,1.0551287382075,-1.06533918634149,1.98095929249831,1.8824157740862,-1.77734369133401,0.0582081743772313,0.117444796556529,0.084628854295564,0.135381769826273,0.535684600517473,0.370177708471203,0.0584717200034741,0.119192226519828,0.08501409002845,0.136441850860419,0.636089571639467,0.377310432135188
800,6,80,4000001,2.12932849533886,1.0551287382075,-1.06533918634149,2.02950839662754,1.42903006375809,-1.44766843785098,0.0582081743772313,0.117444796556529,0.084628854295564,0.0682702301289097,0.20508538292001,0.171606073716858,0.0584717200034741,0.119192226519828,0.08501409002845,0.0686562941348464,0.209959909201588,0.174039758380951
800,10,80,4000001,2.12932849533886,1.0551287382075,-1.06533918634149,2.05440326690247,1.38692535130856,-1.38821841695921,0.0582081743772313,0.117444796556529,0.084628854295564,0.0672550919895266,0.190379696620197,0.151216378669344,0.0584717200034741,0.119192226519828,0.08501409002845,0.0677260458869773,0.194420409554966,0.15287819630485
800,14,80,4000001,2.12932849533886,1.0551287382075,-1.06533918634149,2.01687984892416,1.49357385245534,-1.5979947772521,0.0582081743772313,0.117444796556529,0.084628854295564,0.0659673636504907,0.179319840738544,0.140408390240076,0.0584717200034741,0.119192226519828,0.08501409002845,0.0663460102713551,0.182756819702307,0.141405527910818
800,18,80,4000001,2.12932849533886,1.0551287382075,-1.06533918634149,2.02098372242581,1.56185478811308,-1.53456204983681,0.0582081743772313,0.117444796556529,0.084628854295564,0.0702256901331476,0.197110638317254,0.162706806985803,0.0584717200034741,0.119192226519828,0.08501409002845,0.0707365978707835,0.201142351794482,0.164305699259041
