"n","k","B","seed","ghat.NI.1","ghat.NI.2","ghat.NI.3","ghat.CI.1","ghat.CI.2","ghat.CI.3","stde.NI.1","stde.NI.2","stde.NI.3","stde.CI.1","stde.CI.2","stde.CI.3","bste.NI.1","bste.NI.2","bste.NI.3","bste.CI.1","bste.CI.2","bste.CI.3"
800,2,80,5000001,2.05860538537245,1.17810638091847,-1.03903040247472,2.00993936474127,1.40248898048893,-1.08510691195458,0.0520957443625661,0.0764610665857984,0.0768670860943343,0.0548232532067611,0.105584825522192,0.101476219576842,0.0521411532906621,0.076682831075117,0.0770650749400687,0.0548792518484448,0.1060632987519,0.101752638586202
800,6,80,5000001,2.05860538537245,1.17810638091847,-1.03903040247472,1.9685216391817,1.47979860239148,-1.46473976399474,0.0520957443625661,0.0764610665857984,0.0768670860943343,0.0564344860861916,0.0958492326965571,0.116111067915195,0.0521411532906621,0.076682831075117,0.0770650749400687,0.0565164832176698,0.0961147280517889,0.116753071578985
800,10,80,5000001,2.05860538537245,1.17810638091847,-1.03903040247472,1.98806126369868,1.50534069279224,-1.20090365985974,0.0520957443625661,0.0764610665857984,0.0768670860943343,0.0555344378559004,0.109586277545582,0.107110510101329,0.0521411532906621,0.076682831075117,0.0770650749400687,0.0555984507145063,0.110302084248866,0.107494961148157
800,14,80,5000001,2.05860538537245,1.17810638091847,-1.03903040247472,1.97289400717949,1.65819039964951,-1.24980946479792,0.0520957443625661,0.0764610665857984,0.0768670860943343,0.0587805262194609,0.135507462809543,0.126451023316019,0.0521411532906621,0.076682831075117,0.0770650749400687,0.0588644359626899,0.138102577503913,0.127300771872776
800,18,80,5000001,2.05860538537245,1.17810638091847,-1.03903040247472,1.9516286633854,1.74724762261917,-1.37289906061778,0.0520957443625661,0.0764610665857984,0.0768670860943343,0.0599833015527471,0.133860445309001,0.124843346347485,0.0521411532906621,0.076682831075117,0.0770650749400687,0.0600858881109832,0.135752844252895,0.125653354707308
