"n","k","B","seed","ghat.NI.1","ghat.NI.2","ghat.NI.3","ghat.CI.1","ghat.CI.2","ghat.CI.3","stde.NI.1","stde.NI.2","stde.NI.3","stde.CI.1","stde.CI.2","stde.CI.3","bste.NI.1","bste.NI.2","bste.NI.3","bste.CI.1","bste.CI.2","bste.CI.3"
800,2,80,6000001,2.13658007835205,1.15476243513039,-1.09033504219781,2.08542750144105,1.32817101555706,-1.2275675081411,0.0523506780470966,0.0778465339029506,0.074809990418855,0.0580633063574096,0.10761472232441,0.0955411862585169,0.0524572439987919,0.0784608833829269,0.0749800972766436,0.0583146241914526,0.109518923457638,0.0957306048214628
800,6,80,6000001,2.13658007835205,1.15476243513039,-1.09033504219781,2.09107539469781,1.50328747152221,-1.26452545364972,0.0523506780470966,0.0778465339029506,0.074809990418855,0.0664140558364939,0.14223913971376,0.0994668055788343,0.0524572439987919,0.0784608833829269,0.0749800972766436,0.0671234964525564,0.147639918059756,0.0995979983532079
800,10,80,6000001,2.13658007835205,1.15476243513039,-1.09033504219781,2.08082426717021,1.45302796465699,-1.31632011214689,0.0523506780470966,0.0778465339029506,0.074809990418855,0.0625656905550921,0.129919191771192,0.102345506232777,0.0524572439987919,0.0784608833829269,0.0749800972766436,0.0630821583180562,0.134044159632306,0.102567282739616
800,14,80,6000001,2.13658007835205,1.15476243513039,-1.09033504219781,2.06443356221078,1.58770580772312,-1.45489813342036,0.0523506780470966,0.0778465339029506,0.074809990418855,0.0676412417520424,0.151553563025634,0.110911966277346,0.0524572439987919,0.0784608833829269,0.0749800972766436,0.0684642505995421,0.157703822057655,0.111209896418521
800,18,80,6000001,2.13658007835205,1.15476243513039,-1.09033504219781,2.00895659863054,1.66056768999556,-1.72241580328131,0.0523506780470966,0.0778465339029506,0.074809990418855,0.0637926348600723,0.138269663974698,0.126129763813088,0.0524572439987919,0.0784608833829269,0.0749800972766436,0.0644337347349076,0.142724494726339,0.126645450888362
