"n","k","B","seed","ghat.NI.1","ghat.NI.2","ghat.NI.3","ghat.CI.1","ghat.CI.2","ghat.CI.3","stde.NI.1","stde.NI.2","stde.NI.3","stde.CI.1","stde.CI.2","stde.CI.3","bste.NI.1","bste.NI.2","bste.NI.3","bste.CI.1","bste.CI.2","bste.CI.3"
800,2,80,7000001,2.10029678109707,1.07918611674667,-1.04687433602365,1.95623364195345,7.76103429679875,3.96792251203968,0.0483151724146563,0.0931690646655107,0.081594421695311,3.25070043006357,35.2058163677476,31.4203985541419,0.0483484798446066,0.0939778269777565,0.0819776194735981,3.89500339539026,46.5638343377922,80.9975637787558
800,6,80,7000001,2.10029678109707,1.07918611674667,-1.04687433602365,1.99190922201843,1.34415540636502,-1.57966554834051,0.0483151724146563,0.0931690646655107,0.081594421695311,0.0532064736058752,0.194828696550213,0.162323234306731,0.0483484798446066,0.0939778269777565,0.0819776194735981,0.0535217005188003,0.200921557415268,0.163981934696552
800,10,80,7000001,2.10029678109707,1.07918611674667,-1.04687433602365,2.03910113820117,1.22831038998191,-1.39906920438679,0.0483151724146563,0.0931690646655107,0.081594421695311,0.0503161903042612,0.153041896612758,0.1289735729369,0.0483484798446066,0.0939778269777565,0.0819776194735981,0.0504431008920258,0.156237420643014,0.129706571730836
800,14,80,7000001,2.10029678109707,1.07918611674667,-1.04687433602365,1.98679949215655,1.41099525662539,-1.55624893455225,0.0483151724146563,0.0931690646655107,0.081594421695311,0.0528553542112249,0.184769580298663,0.154120533600025,0.0483484798446066,0.0939778269777565,0.0819776194735981,0.0531346532815899,0.189887344208827,0.15576553039068
800,18,80,7000001,2.10029678109707,1.07918611674667,-1.04687433602365,2.0046635866838,1.39259625435856,-1.31531898909608,0.0483151724146563,0.0931690646655107,0.081594421695311,0.0516344866459799,0.196487794326404,0.15065424599034,0.0483484798446066,0.0939778269777565,0.0819776194735981,0.0519052674796248,0.202739630378688,0.15242019917881
