"n","k","B","seed","ghat.NI.1","ghat.NI.2","ghat.NI.3","ghat.CI.1","ghat.CI.2","ghat.CI.3","stde.NI.1","stde.NI.2","stde.NI.3","stde.CI.1","stde.CI.2","stde.CI.3","bste.NI.1","bste.NI.2","bste.NI.3","bste.CI.1","bste.CI.2","bste.CI.3"
800,2,80,8000001,2.01588411538242,1.06503120191807,-1.09167862593173,1.82097643885654,1.8864165914167,-1.42838815007339,0.0538207367383558,0.0758711581097705,0.081880309365276,0.0683393150829443,0.221772430232799,0.130765456364329,0.0538797896171788,0.07621268035016,0.082314787163992,0.0685080924693079,0.228616281129501,0.131599008467904
800,6,80,8000001,2.01588411538242,1.06503120191807,-1.09167862593173,1.92328452379307,1.37315367257613,-1.42622705547134,0.0538207367383558,0.0758711581097705,0.081880309365276,0.0578784286807318,0.115867985909069,0.120639431538565,0.0538797896171788,0.07621268035016,0.082314787163992,0.0579738959035028,0.117321065656279,0.121518315581678
800,10,80,8000001,2.01588411538242,1.06503120191807,-1.09167862593173,1.89921348130991,1.50908715384093,-1.39730309099966,0.0538207367383558,0.0758711581097705,0.081880309365276,0.0585434277379544,0.13170541855176,0.118968483230212,0.0538797896171788,0.07621268035016,0.082314787163992,0.0586635165276511,0.134830787842354,0.119798209682448
800,14,80,8000001,2.01588411538242,1.06503120191807,-1.09167862593173,1.88393097047685,1.56817720688394,-1.46040377890606,0.0538207367383558,0.0758711581097705,0.081880309365276,0.0590376823723209,0.13331322234171,0.122144344430164,0.0538797896171788,0.07621268035016,0.082314787163992,0.0591587915450796,0.136276454755967,0.123002303459875
800,18,80,8000001,2.01588411538242,1.06503120191807,-1.09167862593173,1.92603808172204,1.34289532126997,-1.57634995754492,0.0538207367383558,0.0758711581097705,0.081880309365276,0.058580284182472,0.106635521290637,0.135736002736261,0.0538797896171788,0.07621268035016,0.082314787163992,0.0586786301064276,0.107368450543065,0.136957133875972
