"n","k","B","seed","ghat.NI.1","ghat.NI.2","ghat.NI.3","ghat.CI.1","ghat.CI.2","ghat.CI.3","stde.NI.1","stde.NI.2","stde.NI.3","stde.CI.1","stde.CI.2","stde.CI.3","bste.NI.1","bste.NI.2","bste.NI.3","bste.CI.1","bste.CI.2","bste.CI.3"
800,2,80,9000001,1.99404512586063,1.0121460441273,-1.15444205015369,1.97737363261418,1.07903329541102,-1.31243890324878,0.0537344560252422,0.0771796383719527,0.0887386870328263,0.0576650012146668,0.087954947313752,0.111396396822465,0.05389181718588,0.0774397629372807,0.089293617370694,0.0579356398925617,0.0881808724723774,0.112231875988629
800,6,80,9000001,1.99404512586063,1.0121460441273,-1.15444205015369,1.80461555244051,1.7938329405315,-1.82114299710227,0.0537344560252422,0.0771796383719527,0.0887386870328263,0.0691092444502538,0.210193053175228,0.161168156969756,0.05389181718588,0.0774397629372807,0.089293617370694,0.0693364440025008,0.21304052900717,0.163104102323642
800,10,80,9000001,1.99404512586063,1.0121460441273,-1.15444205015369,1.81771852940123,1.39335110154508,-1.89961729452542,0.0537344560252422,0.0771796383719527,0.0887386870328263,0.0639905133584883,0.138924958719856,0.217950559562416,0.05389181718588,0.0774397629372807,0.089293617370694,0.0640481125953652,0.139988489012296,0.225831039645299
800,14,80,9000001,1.99404512586063,1.0121460441273,-1.15444205015369,1.88309666690191,1.35964266596673,-1.60529991901142,0.0537344560252422,0.0771796383719527,0.0887386870328263,0.058783233027549,0.123891449547898,0.138003017097586,0.05389181718588,0.0774397629372807,0.089293617370694,0.058960269716939,0.124655215713157,0.139571825159263
800,18,80,9000001,1.99404512586063,1.0121460441273,-1.15444205015369,1.87172590623432,1.43420666765309,-1.62477200631341,0.0537344560252422,0.0771796383719527,0.0887386870328263,0.059229882044341,0.132939979253206,0.138485985299343,0.05389181718588,0.0774397629372807,0.089293617370694,0.0593945665569767,0.133891567805367,0.139994163485808
