"n","vare","B","seed","pi.cc","ghat.N.1","ghat.O.1","ghat.C.1","stde.N.1","stde.O.1","stde.C.1","bste.N.1","bste.O.1","bste.C.1"
2000,0.02,80,1,0.05,0.127627172062634,0.0314001649170358,0.25640409150631,0.131083628948495,0.167690030862592,0.180665768870963,0.134735770312685,0.170364829343927,0.186945506756447
2000,0.02,80,1,0.1,0.133774892872389,0.0662680374930004,0.157138944253838,0.122426718941869,0.134718522940211,0.161817121337747,0.125588307253017,0.136118968750532,0.163799957046788
2000,0.02,80,1,0.25,0.103140904992562,-0.0173274025835465,0.154847898611728,0.0855789240258749,0.105844259763565,0.14398672766787,0.0864611586636639,0.106815505733536,0.147455926407102
2000,0.02,80,1,0.5,0.101770262829442,0.076744054392995,0.163174168996833,0.0609598364241682,0.0825818904819575,0.103280033504323,0.0611377046920616,0.0829549740255075,0.104119922329986
