"n","vare","B","seed","pi.cc","ghat.N.1","ghat.O.1","ghat.C.1","stde.N.1","stde.O.1","stde.C.1","bste.N.1","bste.O.1","bste.C.1"
2000,0.02,80,1000001,0.05,0.0301349768872556,0.183914273029341,0.0636258012232821,0.147382105454572,0.176129171920057,0.228509119212412,0.148506784217434,0.178057842632317,0.231318099406732
2000,0.02,80,1000001,0.1,0.0531978120058323,0.218418621597795,0.0955873647180625,0.103948056132263,0.126498350843695,0.158487551384571,0.104388604299037,0.12718637720712,0.15929304940206
2000,0.02,80,1000001,0.25,0.113816554578345,0.176813479880055,0.202221668349869,0.0677990871881292,0.086396343340847,0.107857312839823,0.0679428430861377,0.0866068095133264,0.108236260212674
2000,0.02,80,1000001,0.5,0.124126056935662,0.241877571023056,0.220073033691453,0.0526139756247692,0.0655149001053648,0.0831635642785079,0.052680758414054,0.0656657843937174,0.0833654524918199
