"n","vare","B","seed","pi.cc","ghat.N.1","ghat.O.1","ghat.C.1","stde.N.1","stde.O.1","stde.C.1","bste.N.1","bste.O.1","bste.C.1"
2000,0.02,80,2000001,0.05,-0.0339119272262664,0.0981223747079896,-0.0582692527088199,0.159696736842748,0.180458269981033,0.218716314397475,0.162624986234909,0.183173892111374,0.230115526242001
2000,0.02,80,2000001,0.1,0.0820497421891612,0.160138929558556,0.143485896467381,0.107458315623291,0.135594183913164,0.178898114123962,0.108060166320448,0.136693471254716,0.181649706193811
2000,0.02,80,2000001,0.25,0.139613661777833,0.257317532725806,0.230999238444482,0.07418481543045,0.0889763376587439,0.119046537267257,0.0741801045145196,0.0893069648323704,0.119395983455459
2000,0.02,80,2000001,0.5,0.101126418334263,0.220987852488704,0.171281790353463,0.0560746416373937,0.0685293575754518,0.0920934063039265,0.0560915335993977,0.0686634410337835,0.092240844491796
