"n","vare","B","seed","pi.cc","ghat.N.1","ghat.O.1","ghat.C.1","stde.N.1","stde.O.1","stde.C.1","bste.N.1","bste.O.1","bste.C.1"
2000,0.02,80,3000001,0.05,0.305681597099711,0.368100041142894,0.444248658979209,0.128856195463977,0.161507369124458,0.170857989544548,0.130241721250486,0.163417712388745,0.171580757098644
2000,0.02,80,3000001,0.1,0.210508534805664,0.348406845866634,0.307002573042971,0.104541071238704,0.124429717653113,0.142027939628246,0.105342929309676,0.125101489347048,0.142795112721318
2000,0.02,80,3000001,0.25,0.115725409725039,0.196156159653848,0.153429197147691,0.0756765397727654,0.101878229312608,0.105830855884875,0.0759941459082321,0.10254360424705,0.106497992908801
2000,0.02,80,3000001,0.5,0.0941776179474925,0.161545210455859,0.114009676455271,0.0577651871110725,0.076684754955595,0.086356111720512,0.0578356379089618,0.0768165138354224,0.0864113333040742
