"n","vare","B","seed","pi.cc","ghat.N.1","ghat.O.1","ghat.C.1","stde.N.1","stde.O.1","stde.C.1","bste.N.1","bste.O.1","bste.C.1"
2000,0.02,80,4000001,0.05,0.334604875412151,0.0653178255622804,0.49919570359455,0.155690120487167,0.183691463467062,0.278451311634084,0.153967199320146,0.180989582180521,0.278033659264761
2000,0.02,80,4000001,0.1,0.328965970105668,0.167520796114131,0.511106264032669,0.120595694879024,0.14760089984786,0.21708613871002,0.121691789976852,0.147585737009189,0.221262099737274
2000,0.02,80,4000001,0.25,0.164941391926709,0.146665094702806,0.267907369444671,0.0780944992231284,0.0967596995699383,0.132085012401131,0.0783344479227637,0.0970545874608788,0.132684297910121
2000,0.02,80,4000001,0.5,0.125225753557518,0.186693607822881,0.171368073590351,0.060900913324745,0.071140325664886,0.0995150651868352,0.0610089906801189,0.0713062054483138,0.0998034049363382
