"n","vare","B","seed","pi.cc","ghat.N.1","ghat.O.1","ghat.C.1","stde.N.1","stde.O.1","stde.C.1","bste.N.1","bste.O.1","bste.C.1"
2000,0.02,80,5000001,0.05,0.000675832239000695,0.0878898471510345,0.0346550862293334,0.156025345868769,0.198633022909559,0.251459373230836,0.158963520371378,0.202455049236962,0.260584802616241
2000,0.02,80,5000001,0.1,0.25119060015387,0.31354685264492,0.40976477089085,0.102766600454452,0.135237623636397,0.169606299177387,0.103536319602073,0.136401689356751,0.171638279789432
2000,0.02,80,5000001,0.25,0.123000794546698,0.255723242224916,0.183525112099723,0.0812661786299969,0.0975160608037659,0.132247497620283,0.0816680074163102,0.0979996288850032,0.133701468936225
2000,0.02,80,5000001,0.5,0.0497156938115977,0.157141156060414,0.0818107765154387,0.0572952963658906,0.0723955881764253,0.0924570984586697,0.0573775510043991,0.0725415752289064,0.0927025402583717
