"n","vare","B","seed","pi.cc","ghat.N.1","ghat.O.1","ghat.C.1","stde.N.1","stde.O.1","stde.C.1","bste.N.1","bste.O.1","bste.C.1"
2000,0.02,80,6000001,0.05,-0.114063515290625,0.0238764699319927,-0.215580689711093,0.142517805913974,0.185276063004458,0.224545994039889,0.144814563815847,0.188635948185383,0.229153955308741
2000,0.02,80,6000001,0.1,0.186102948632959,0.278140562136675,0.260638696594579,0.0994297823602159,0.124247199210737,0.14083545215562,0.100000162674182,0.125644727481041,0.141919531730916
2000,0.02,80,6000001,0.25,0.279829477226025,0.317694169660298,0.384115732040221,0.0685918292926343,0.0917184507729038,0.101864243882648,0.0687164364437085,0.0921143890959728,0.102093631348819
2000,0.02,80,6000001,0.5,0.20465302497424,0.261346467697629,0.291736393281316,0.0530038641655221,0.0667772007077132,0.0795035080366164,0.0530709727030199,0.0669126997408007,0.0796520821446515
