"n","vare","B","seed","pi.cc","ghat.N.1","ghat.O.1","ghat.C.1","stde.N.1","stde.O.1","stde.C.1","bste.N.1","bste.O.1","bste.C.1"
2000,0.02,80,7000001,0.05,0.212764291448541,0.205225422954353,0.444660666447369,0.130855548781681,0.177614706987027,0.261263615335128,0.132944946795719,0.185070700894248,0.266300691298531
2000,0.02,80,7000001,0.1,0.0602570008816267,0.075895428630518,0.131394293910142,0.109807658553208,0.142610105414382,0.199890710905464,0.110359241748745,0.144128220641997,0.200136874027462
2000,0.02,80,7000001,0.25,0.0731125012714359,0.200895595059874,0.0588398134822274,0.077777451927902,0.10389758774646,0.115197843845886,0.0783877490427189,0.104309015584423,0.11786202263805
2000,0.02,80,7000001,0.5,0.0738617758013008,0.248877836450024,0.085197720188484,0.0579573947445839,0.0729279767403729,0.0932657243370405,0.0581391528446755,0.0730565094271248,0.0943216472585856
