"n","vare","B","seed","pi.cc","ghat.N.1","ghat.O.1","ghat.C.1","stde.N.1","stde.O.1","stde.C.1","bste.N.1","bste.O.1","bste.C.1"
2000,0.02,80,8000001,0.05,0.239749665588948,0.324543934983183,0.368598043135019,0.125872526195686,0.139686273997384,0.212957028277681,0.12717641964219,0.140998191411215,0.21483881076686
2000,0.02,80,8000001,0.1,0.314340949675343,0.465267882670204,0.480917856992285,0.0845985501219876,0.0982963208940155,0.129678090292991,0.085070731809544,0.0987746547015697,0.130499683582824
2000,0.02,80,8000001,0.25,0.219778028839092,0.337500875254578,0.336134249587239,0.0664075855098297,0.077148585465952,0.100831296207444,0.0665661359672419,0.0773880912385262,0.101113246330372
2000,0.02,80,8000001,0.5,0.162803246660908,0.26031662249387,0.250259413730026,0.054323523365356,0.0696053163850455,0.0866072678276861,0.0543650407454823,0.0696955175629754,0.0866252406716483
