"n","vare","B","seed","pi.cc","ghat.N.1","ghat.O.1","ghat.C.1","stde.N.1","stde.O.1","stde.C.1","bste.N.1","bste.O.1","bste.C.1"
2000,0.02,80,9000001,0.05,0.119619600222934,0.340356724286526,0.211234137899353,0.168842987179536,0.212404661138259,0.299783133123477,0.171675907040324,0.217343715784762,0.308494525705049
2000,0.02,80,9000001,0.1,0.158141326104386,0.242823603578121,0.270606806759662,0.117810613624152,0.143572869696309,0.201672997189755,0.118473408363669,0.144836534407795,0.203365526776208
2000,0.02,80,9000001,0.25,0.240831007924072,0.233273049382557,0.370052934734492,0.0762649395869333,0.113057903247329,0.126826295185293,0.0764960385154303,0.113935772182593,0.127462846179446
2000,0.02,80,9000001,0.5,0.0633336778028027,0.119088041317091,0.0249421447301169,0.0655399295605559,0.0791960388831769,0.125704663091367,0.0657460988691605,0.0793486480800052,0.126339351608611
