"n","vare","B","seed","pi.cc","ghat.N.1","ghat.N.2","ghat.N.3","ghat.O.1","ghat.O.2","ghat.O.3","ghat.C.1","ghat.C.2","ghat.C.3","stde.N.1","stde.N.2","stde.N.3","stde.O.1","stde.O.2","stde.O.3","stde.C.1","stde.C.2","stde.C.3"
2000,0.05,2,1,0.05,0.466099902583701,0.52898557784098,0.592156064460698,0.537971996735532,0.542401372844993,0.547209040565927,0.692816221735724,0.741355087842991,0.785936487417639,0.0626729004607636,0.041585588180098,0.057030887125953,0.0694423077136403,0.0456966296002524,0.0759482198259173,9.39583311443623,8.63404323194375,7.82627987090444
2000,0.05,2,1,0.25,0.471371826359342,0.502389879904304,0.533625950922894,0.424436615379255,0.509068586821504,0.593853827647591,0.561081807639485,0.519201497073728,0.477727506504949,0.0282416663915142,0.0201418203334582,0.0292703750293033,0.034371522338236,0.022547857059457,0.0349061866792739,0.0454139011841866,0.0243926203010642,0.0391287074225953
2000,0.05,2,1,0.5,0.434949802207846,0.501209768527955,0.567648750684719,0.398582060263369,0.502035171608797,0.605581789253971,0.437281299392953,0.490341935810869,0.543665473399726,0.0214411160190188,0.0153745393209377,0.0223728728686182,0.0244535169753886,0.0164520315575667,0.0263185758790846,0.0405391099747875,0.0303269752356571,0.0390852382723583
2000,0.05,2,1,1,0.418397903552707,0.497282057686824,0.576344252707907,0.385916152221526,0.501562283094404,0.617322022065652,0.407114429378152,0.495063638974391,0.583198531983499,0.0179907207606076,0.0126760077038657,0.0182685483333463,0.0207230432229108,0.013953363930917,0.0217565091361073,0.0287254727169648,0.0161797526884622,0.0314688726859388
