"n","vare","B","seed","pi.cc","ghat.N.1","ghat.N.2","ghat.N.3","ghat.O.1","ghat.O.2","ghat.O.3","ghat.C.1","ghat.C.2","ghat.C.3","stde.N.1","stde.N.2","stde.N.3","stde.O.1","stde.O.2","stde.O.3","stde.C.1","stde.C.2","stde.C.3"
2000,0.05,2,1000001,0.05,0.359377569510936,0.467134637159017,0.575219277699721,0.306386091832003,0.473903492170726,0.641824258673755,0.340709950666608,0.430638717150672,0.520929955351117,0.0513608039001369,0.0373006270793322,0.0595467896965346,0.0579661665137657,0.0399553176481024,0.0594540143060332,0.0888657292231797,0.0475692260461475,0.0740158945813636
2000,0.05,2,1000001,0.25,0.375859237733791,0.474995555107998,0.574378848756335,0.339985628318643,0.472331987987241,0.604917629676595,0.341938799710525,0.462418982615181,0.583192002829937,0.0266756984342784,0.0197329009079089,0.0294249994730793,0.0314744922175509,0.0205912841394714,0.0325601298063737,0.0381903035555478,0.0230029743603223,0.0414649963752841
2000,0.05,2,1000001,0.5,0.380693586795936,0.473692762075045,0.566889782819702,0.335966082396669,0.469189832086309,0.602608275561428,0.345673711718117,0.460017671211349,0.574594933260017,0.0208516875324739,0.015153482984161,0.0218122560814499,0.0235488621239318,0.0159432936320251,0.0247759875565562,0.030069094421868,0.0223907254223722,0.0402075757076024
2000,0.05,2,1000001,1,0.402222775902552,0.47788529483262,0.553714581703835,0.360870482608148,0.478860122319627,0.596997245563389,0.377956013431326,0.468760261208637,0.55977045541685,0.018609711521892,0.0127650839085119,0.0187629179597655,0.0214616234302156,0.0142663931552653,0.0209467543143226,0.0312933664871553,0.0172649411511558,0.0312881940205517
