"n","vare","B","seed","pi.cc","ghat.N.1","ghat.N.2","ghat.N.3","ghat.O.1","ghat.O.2","ghat.O.3","ghat.C.1","ghat.C.2","ghat.C.3","stde.N.1","stde.N.2","stde.N.3","stde.O.1","stde.O.2","stde.O.3","stde.C.1","stde.C.2","stde.C.3"
2000,0.05,2,2000001,0.05,0.393621724060374,0.496116420856768,0.598695405508707,0.328299810758496,0.489023457136293,0.649765483804823,0.411561448259654,0.516618266232194,0.621661413225604,0.0442006277213486,0.0323887199059165,0.0451701590614989,0.0495324550917177,0.0327809090562199,0.0443419006736538,0.0544922130217452,0.0345627370150928,0.0507257172876966
2000,0.05,2,2000001,0.25,0.38722961603593,0.491421387288063,0.59571746385113,0.335778323874698,0.477083526605336,0.61847900060577,0.369272992040551,0.495359028913552,0.621441744707389,0.0257665721023284,0.0185483385435292,0.0279175179882598,0.0278400457186428,0.0188331879969279,0.0303516224811017,0.0344298663282829,0.0219812141648856,0.0367916597795871
2000,0.05,2,2000001,0.5,0.377307270669736,0.484690693436164,0.592154205201269,0.326438678799904,0.475777085288516,0.625151976578013,0.341600899366985,0.47975140208927,0.617914540048993,0.0203397162953121,0.0148113321879071,0.0213776674327142,0.0215421497928458,0.0149143138361595,0.0236037777267386,0.0271674842783057,0.0196664773669587,0.0311495672557604
2000,0.05,2,2000001,1,0.384259048590173,0.4798995079057,0.575624211677841,0.338728830682561,0.469008848178107,0.599338743770773,-0.0400456536001069,-0.174562588016938,-0.306013539687151,0.0169343568450161,0.0124266177807238,0.0179605147942229,0.0187063501492115,0.0129040781206044,0.0203258289480054,6.32320588972546,10.4043383810783,14.4401356615269
