"n","vare","B","seed","pi.cc","ghat.N.1","ghat.N.2","ghat.N.3","ghat.O.1","ghat.O.2","ghat.O.3","ghat.C.1","ghat.C.2","ghat.C.3","stde.N.1","stde.N.2","stde.N.3","stde.O.1","stde.O.2","stde.O.3","stde.C.1","stde.C.2","stde.C.3"
2000,0.05,2,3000001,0.05,0.364898490708359,0.505189147904645,0.645612011455111,0.368112985396065,0.524103313185411,0.680270816601269,0.344386182304326,0.565612835861337,0.787014577162881,0.0576217059902661,0.0403153029235487,0.05537955875101,0.0693336573429656,0.0426414139830767,0.051453596325012,0.100747205435314,0.0564196373974569,0.0997080218117238
2000,0.05,2,3000001,0.25,0.410772310560305,0.492527396272371,0.574343419932167,0.35158240888728,0.490729607121054,0.629925359599699,0.383331906105529,0.504502304635768,0.625642610095756,0.0271433908979576,0.0192342549962846,0.0297170723997417,0.0314283703979202,0.0199751620496951,0.0324542083014473,0.0390005163773357,0.0235448533244898,0.0443020805124921
2000,0.05,2,3000001,0.5,0.41211846649659,0.48833639230975,0.564631473127269,0.362056554334344,0.48497141337708,0.607968057029547,0.392844300720881,0.498627536633572,0.604497972169038,0.0220061790084185,0.0151843448544761,0.0220784712259827,0.0240431469893016,0.0159697514107651,0.0248452377733944,0.0360573263081738,0.0192810056593271,0.0329999165266272
2000,0.05,2,3000001,1,0.41469803731025,0.490388305975938,0.566181896330522,0.377653445305447,0.487032554746305,0.596529208891217,0.374306294985935,0.486289026719411,0.598388942227202,0.018765757968033,0.012779448409662,0.0179739059799115,0.0204704728220336,0.013458028970057,0.0200654487043425,0.026551301809294,0.0164347926647863,0.0267337578361065
