"n","vare","B","seed","pi.cc","ghat.N.1","ghat.N.2","ghat.N.3","ghat.O.1","ghat.O.2","ghat.O.3","ghat.C.1","ghat.C.2","ghat.C.3","stde.N.1","stde.N.2","stde.N.3","stde.O.1","stde.O.2","stde.O.3","stde.C.1","stde.C.2","stde.C.3"
2000,0.05,2,4000001,0.05,0.405091673492903,0.512971263081217,0.620912035897014,0.420588632781908,0.543546207053643,0.666562128254695,0.387217959946543,0.571535598737414,0.755732416315465,0.0520537535790731,0.0379329292176069,0.0525932007666996,0.0549317361894421,0.0348559958125187,0.053359829060703,0.0854998734259754,0.0677399844433755,0.101688213407292
2000,0.05,2,4000001,0.25,0.416404141386916,0.486326237446549,0.556398207590677,0.401632463582573,0.507438681990935,0.613350569701394,0.415165368596635,0.494880280713934,0.574697665709485,0.0280474740703006,0.019111101765662,0.029030643053696,0.0317536409060445,0.0208243811711961,0.0335485192800458,0.0417147404707723,0.0244126406579771,0.0443459695205672
2000,0.05,2,4000001,0.5,0.399864552894823,0.486845232906268,0.574040572177883,0.396816362391529,0.497473047852128,0.598364892205531,0.370339061304577,0.491151801685934,0.612224819721939,0.0219875917607079,0.0152825200095552,0.021784152780831,0.0260012501869071,0.0175274040008672,0.0258236657968438,0.0478480730218444,0.0173208478388267,0.0462930414231186
2000,0.05,2,4000001,1,0.396955288348612,0.484096281494739,0.571390599519481,0.393676641645638,0.48773645290451,0.581946671886101,0.347535185441506,0.482547869297508,0.617760737877577,0.017601041696745,0.0123935788757441,0.0177051443650017,0.0215331212800207,0.0137853836967949,0.0208413390578086,0.0918697842269157,0.0170748381915232,0.072657520908372
