"n","vare","B","seed","pi.cc","ghat.N.1","ghat.N.2","ghat.N.3","ghat.O.1","ghat.O.2","ghat.O.3","ghat.C.1","ghat.C.2","ghat.C.3","stde.N.1","stde.N.2","stde.N.3","stde.O.1","stde.O.2","stde.O.3","stde.C.1","stde.C.2","stde.C.3"
2000,0.05,2,5000001,0.05,0.444628192902062,0.543013790856172,0.641587027646032,0.43392021352644,0.540015564778618,0.646295201320684,0.450392175692685,0.571175384414907,0.692233334690489,0.0447885588981314,0.0324980248585411,0.0421295901455509,0.0609783107286564,0.0379879238012867,0.051304931418879,0.0632593168514629,0.0449794682922876,0.06162746886139
2000,0.05,2,5000001,0.25,0.489646780669826,0.513720197918454,0.537908918817119,0.438563435732278,0.507000304314001,0.57554111763033,0.312418895478167,0.666742133614868,1.02191972880532,0.0313742063174169,0.0205522390976002,0.0287052466544581,0.0357638567936485,0.02194174316862,0.0341643544986966,1.41344257726144,1.06190978309518,3.52289778906921
2000,0.05,2,5000001,0.5,0.446253509956631,0.512407760250361,0.57867489969325,0.412971979903546,0.504600132771724,0.59635202961721,0.441006124956698,0.522070327163569,0.603281703711834,0.0219208025307259,0.0153439585694874,0.0221459886094327,0.0253870161101482,0.0166317112783243,0.0258006036676406,0.0316378205718739,0.0208966899585477,0.0331513016541654
2000,0.05,2,5000001,1,0.428432951205129,0.504295648539274,0.580292466283902,0.386144918375603,0.498290206107538,0.610558343434517,0.398205491090949,0.50172032557949,0.605391860785058,0.0171502144864461,0.0122092468971755,0.0176297733513624,0.0185137213668436,0.0129247162810073,0.0200604481437889,0.0233554038978008,0.0156103181749964,0.0266809496514721
