"n","vare","B","seed","pi.cc","ghat.N.1","ghat.N.2","ghat.N.3","ghat.O.1","ghat.O.2","ghat.O.3","ghat.C.1","ghat.C.2","ghat.C.3","stde.N.1","stde.N.2","stde.N.3","stde.O.1","stde.O.2","stde.O.3","stde.C.1","stde.C.2","stde.C.3"
2000,0.05,2,6000001,0.05,0.431343047949845,0.494691091960323,0.558423637996804,0.385608465792759,0.484499522418146,0.583589512086256,0.424162765458639,0.51273765511083,0.601880338377757,0.0477706373748617,0.0333526472082564,0.0456238642736824,0.0474336753874249,0.0332798404782622,0.0514460592563292,0.0687215717860224,0.0432080844029212,0.066616851238453
2000,0.05,2,6000001,0.25,0.378750432930142,0.475666543609061,0.572691568188941,0.342618002742145,0.477901556242894,0.61326283505629,0.314344990517606,0.470281034623288,0.626286147109849,0.0233716222074093,0.0175149909644971,0.0271100444326328,0.0273581446798099,0.0187405769351127,0.0294266292498713,0.0296941693787058,0.0182222013885417,0.0374655168216257
2000,0.05,2,6000001,0.5,0.368929382273864,0.47655775111209,0.58425044617769,0.334268242855806,0.476009117190713,0.617751484076658,0.302886183299213,0.467522679582908,0.632147974950742,0.0192785281504061,0.0141547608355415,0.0208662025874654,0.0224745992948546,0.0149997932719686,0.0229082684146879,0.0246054205102322,0.0153498776069173,0.0273072708365536
2000,0.05,2,6000001,1,0.383422999406928,0.473228075653939,0.563110528974582,0.346889890977325,0.473639810300503,0.600397362964498,0.329517346218674,0.467850563932368,0.606219840828498,0.0166792783912409,0.0119628921811731,0.0171058670260643,0.0191254603288292,0.0124997138525461,0.0186585979379431,0.0226581338926301,0.0135857633072024,0.0237680447100078
