"n","vare","B","seed","pi.cc","ghat.N.1","ghat.N.2","ghat.N.3","ghat.O.1","ghat.O.2","ghat.O.3","ghat.C.1","ghat.C.2","ghat.C.3","stde.N.1","stde.N.2","stde.N.3","stde.O.1","stde.O.2","stde.O.3","stde.C.1","stde.C.2","stde.C.3"
2000,0.05,2,7000001,0.05,0.460985475818566,0.528145080811895,0.59537055315072,0.481877995220337,0.560185290147575,0.638596709676999,0.490263078709678,0.539295248063342,0.588529680585665,0.0542621874912354,0.0440647370503786,0.0711481000201112,0.0664021125633356,0.0440747536656473,0.0732699459782595,0.116984754016608,0.0521000109323417,0.107609958962629
2000,0.05,2,7000001,0.25,0.438916774085132,0.488736323250038,0.538664572945659,0.430110798590196,0.488089183862364,0.546169195591677,0.403086966437473,0.488649163119248,0.574268225320361,0.0285361022742462,0.0206888661375192,0.0297443049272545,0.0313549237796538,0.0219455090744934,0.0336539138264288,0.0479171464559537,0.0286765025104745,0.0509244965286614
2000,0.05,2,7000001,0.5,0.427660313782446,0.490286298241112,0.553013520893645,0.422066960933124,0.489991835051104,0.557972495277533,0.407132226821911,0.492979297704304,0.578897803230658,0.0210895225799891,0.0155033239315761,0.0230702853129768,0.0243240432631756,0.0169372657020263,0.0259628834742499,0.0367568858123306,0.0246731763467597,0.0371530157822317
2000,0.05,2,7000001,1,0.417834018445523,0.48710886230032,0.556500080408947,0.415025384807424,0.48717074534168,0.559383249637188,0.38367303760032,0.47123167817601,0.558889324995384,0.0168802460722714,0.0125833945263069,0.0182881749804094,0.0200707866099843,0.0138791032105209,0.0210176026866272,0.0238982734710446,0.0163827246773761,0.0284522529298818
