"n","vare","B","seed","pi.cc","ghat.N.1","ghat.N.2","ghat.N.3","ghat.O.1","ghat.O.2","ghat.O.3","ghat.C.1","ghat.C.2","ghat.C.3","stde.N.1","stde.N.2","stde.N.3","stde.O.1","stde.O.2","stde.O.3","stde.C.1","stde.C.2","stde.C.3"
2000,0.05,2,8000001,0.05,0.374453406619654,0.483358860233977,0.59256001853365,0.37900585925351,0.473072115122292,0.56746094262899,0.321857200492594,0.481781777590515,0.642162959037287,0.0467123057160547,0.0369073831382493,0.0534127970427447,0.0527219249678036,0.0419781658453387,0.0603559637095503,0.0727233697961977,0.0429562039793503,0.0766644717016144
2000,0.05,2,8000001,0.25,0.410069544086698,0.469648049349802,0.529424741340918,0.393441994997722,0.470506906691629,0.547745286381815,0.374435744826755,0.462704932291689,0.551248637071271,0.0274273967285125,0.0191966045948547,0.0291392583978296,0.0293846566991868,0.0208571955944772,0.0321271107179161,0.0378786190318602,0.0208166860378727,0.0372052838598919
2000,0.05,2,8000001,0.5,0.393855737084531,0.461405801801207,0.52909944381492,0.379346911354159,0.462472563496845,0.545728167959431,0.343813580712392,0.445548536943905,0.547451732025698,0.0212435818519916,0.0148698963639437,0.022444997600021,0.0235134317022989,0.0161986171977197,0.0258635174462879,0.0303282807389366,0.017325757159012,0.0324647350315659
2000,0.05,2,8000001,1,0.399889624678537,0.465988907615483,0.532206997588794,0.374211193873012,0.463277906620747,0.552433005036083,0.363558646598729,0.459197186530247,0.554950771603902,0.0179443376286884,0.0124763340348088,0.0184207478210469,0.0200938706111907,0.0133407772335756,0.0211876060668989,0.0315711181177446,0.0168534209127602,0.0291615112183797
