"n","vare","B","seed","pi.cc","ghat.N.1","ghat.N.2","ghat.N.3","ghat.O.1","ghat.O.2","ghat.O.3","ghat.C.1","ghat.C.2","ghat.C.3","stde.N.1","stde.N.2","stde.N.3","stde.O.1","stde.O.2","stde.O.3","stde.C.1","stde.C.2","stde.C.3"
2000,0.05,2,9000001,0.05,0.444640127705475,0.530818115258101,0.617240382118912,0.418011895752057,0.542917414543306,0.667953808555989,0.398067046461808,0.53431037643922,0.670706714653914,0.0538622040102269,0.0422668466087786,0.0617237687222353,0.0615696274721598,0.0392146389600352,0.0603154127995893,0.0862187014656061,0.0472931871817895,0.0940415445296484
2000,0.05,2,9000001,0.25,0.431043092292562,0.493668895329718,0.556468142579091,0.383444379565732,0.497527472928787,0.611782862761413,0.390488853418625,0.492249637236678,0.594198668699056,0.0304857117044257,0.0207303758780376,0.0287062229604194,0.033879925019919,0.0215551762917581,0.0328983214214658,0.0507925720188124,0.0254625183873181,0.043579006178116
2000,0.05,2,9000001,0.5,0.414206881619644,0.481880737497317,0.549728355868008,0.37012281638307,0.481370256270471,0.592763502440178,0.412125198207252,0.52484349597933,0.637740094973935,0.0223756008846648,0.0156999059754231,0.0227392608704728,0.0251634987364159,0.0165192299033474,0.0273241317446602,0.0900287457841098,0.0646482375273111,0.0745462004710797
2000,0.05,2,9000001,1,0.405425918447061,0.482575450017336,0.559876457577907,0.370234464263349,0.484096339414026,0.598060007498171,0.360902314710704,0.463621689896273,0.566511034552878,0.0182050583128816,0.0128273509831409,0.0185204732882291,0.0207408820160061,0.013751822220808,0.0217264226035941,0.0313151317892868,0.0233773364721493,0.0395984631550477
